Unnamed: 0,image_file_name,item_name,item_caption,color_tags
0,278003_10389968_1.jpg,三協アルミ M.シェード2 梁置きタイプ 片側支持 5818 H30 ポリカーボネート屋根　カーポート 1台用 積雪20cmまで 耐風圧強度38m/s相当,商品番号19235601メーカー三協アルミサイズ幅 1931.0mm × 奥行き 5853.0mm × 高さ 3000.0mm通常納期14日後以降発送（要問合せ）対応タイプ耐積雪約20cm相当、耐風圧強度38m/s相当配送区分1※商品により配送可能エリアが異なります。配送エリア表をご覧ください。工事対応この商品は工事を承っておりません。存在感のあるデザインで駐車スペースに高級感溢れる空間を創り上げます。備考＜注意＞・積雪地域では使用しないでください。・積雪が20cmを超える前に雪おろしをしてください。オプションで雪下ろし棒を用意しています。・屋根などから落雪する恐れがある場所では、軒先との間隔を十分にとってください。,"['Silver', 'Grey', 'Black']"
1,220810_10010506_1.jpg,【40%OFF SALE/セール】30代〜40代 ファッション コーディネート 太サッシュ ベルト サッシュベルト レディース レザー 太め atelier brugge ABE-021 アトリエブルージュ 日本製,太サッシュベルトで存在感アップ 柔軟性に優れた馬革を使用 幅が太めで存在感◎ キレイな形が出るカットライン コーディネートのはばが広がります。 atelier brugge ABE-021 アトリエブルージュ 結び サッシュベルト SFG185205 ●カラー 　・ダークブラウン 　・ブラック ●素材 　・馬革 ●サイズ 　約130cm×12cm ●生産国 　Made in Japan メーカー希望小売価格はメーカー商品タグに基づいて掲載しています。Chouquette シュケットは、レディース服 帽子、バッグ、靴、アクセサリー通販のお店です。 Chouquette シュケットは、レディース服、帽子、バッグ、靴、アクセサリーなどの、30代〜40代の大人の為の、服や雑貨をご提案する通販のお店です。,"['Brown', 'Black']"
2,207456_10045549_1.jpg,下駄 桐 日本製 女性用 TONE 鼻緒巾が広め 黒塗り台 適合足サイズ 23〜24.5cm 新品（株）安田屋 g273005604,項目 桐の下駄 ※特別価格にて浴衣、半幅帯（浴衣帯）、巾着等も同時出品中です！ サイズ 下駄サイズ：約24cm(フリーサイズ）　幅約6.5-8.5cm　高さ約6cm(ヒール) ※適合足サイズ23.0cm〜24.5cm ※草履や下駄は、0.5cm〜1cmはみだして着用するのも小粋な履き方です！ 品質 新品 品質高い日本製 鼻緒幅が広めなので足にかかる負担も小さいです。 足の形に合わせた形状 鼻緒→綿 台→桐 台底→ゴム ※素材が「桐」であるため、窪みや傷のような跡がついている場合がございますが、これは桐独特の風合いでございます。あらかじめご了承ください。 ※当店では、現物と写真画像の色、イメージに相違がないよう、撮影に工夫を凝らしておりますが、より詳しいお色説明をご希望のお客様は「楽天設置の商品について問い合わせ」「メール（aji_net@khaki.plala.or.jp）」「お電話」「FAX」にて、御質問ください。 ※同柄ですが鼻緒柄の配置につきまして、実物と写真では異なる場合がございます。 お支払い 料金は商品代金(税込み)+運賃になります。 クレジットカード決済、銀行振込、郵便振替、代金引換にて承っております。 ※代金引換の場合、総額に＋460円になります。 当社の運賃は、全国一律770円です。 2商品以上同時購入されても運賃一律770円です。 m(_ _)m 詳しくは、以下お取引の詳細をご覧ください。 お取引の詳細 返品 もしも見た目と違ってたら・・・、思ってたものと違ってたら・・・・。 そんな場合がありましたら、ご返品を承ります。 ★その際には、運賃のみをご負担ください。 （元払いでご返送いただければ結構です。） ★ご返品の際には、商品到着後3日以内にご連絡ください。 お客様の声 安田屋ではお客様の声を強く反映しております。 ご購入されたお客様の声をご参考ください お客様の声リンク 在庫 当店で出品されている商品は、ほとんど同一商品の在庫を持ちあわせておりませんのでご注意ください。 また、当店は実店舗が存在しております。 基本的に、出品中の商品を実店舗に来られたお客様がご購入された場合は、 直ちに楽天から取り下げておりますが、取り下げる前にご購入されてしまった場合、その商品をお届けできない場合がありますので、ご了承ください。,"['White', 'Black']"
3,346541_10000214_1.jpg,＼期間限定【1000円OFF】クーポン 発行中／ シューズボックス 幅60 奥行33 15足 ロータイプ | ルーバーシューズボックス 下駄箱 靴箱 シューズラック 省 スペース 靴 収納 ボックス 薄型 玄関収納 靴箱 靴入れ ブーツ 白 ホワイト 木製,■商品説明 ルーバーシューズボックス60幅のシングルタイプが登場。お部屋に合わせて色、サイズ、使い方が選べる便利なシューズボックスです。■本体サイズ[外寸]幅60.0×奥行33.0×高さ90.0cm■その他サイズ[内寸] （扉内）幅56×奥行27×高さ78cm （オープン部）幅56×奥行27×高さ7cm■材質[本体]プリント化粧繊維板■収納量・耐荷重[収納数]約15足■備考・推奨サイズ27cm以下■生産国インドネシア■組立時間(目安)(大人2人)お客様組立（35分）■キーワード奥行30 木製 棚 木製 くつ 収納 くつ箱 ラック ボックス キャビネット 玄関収納 ボックス 大容量 下駄箱 ハイタイプ ルーバー 整理 省スペース 下足箱 シューズ 収納 ブラウン ルーバーシューズボックス 5段 シューズクローゼット シューズストッカー 狭い玄関 くつ たんす おしゃれ スリムシューズボックス シューズ くつ 棚 収納 ルーバー扉 幅60 60幅 60cm ナチュラル ブラウン ダークブラウン ホワイト 白 木目 新生活 ひとり暮らし 奥行35 おしゃれ 北欧 一人暮らし インテリアメーカー希望小売価格はメーカーカタログに基づいて掲載しています。,"['Beige', 'Brown', 'Black']"
4,240426_10024071_1.jpg,ポスト 郵便ポスト 郵便受け 集合住宅用ポスト 可変式プッシュ錠集合郵便受箱 PKS-M15-3 1列3段(3戸用) コーワソニア PUSH KEY POST 前入れ後出し 大型郵便対応 屋内仕様 マンション用 アパート用,集合住宅用ポスト 可変式プッシュ錠集合郵便受箱 PKS-M15-3 1列3段 暗証番号を自由に設定できる集合住宅ポスト！ 販売条件 ◆詳しくはこちらをご確認ください サイズ W280×H450×D465mm 重量：9.7kg カラー シルバーメタリック 仕様 郵便ポスト/前入れ後出し/可変式プッシュ錠搭載/大型郵便対応 材質 本体：ZAM　投入側パネル：アルミ板/アルマイト　フラップ：アルミ押出型材/アクリル焼付塗装 セット内容 ■可変式プッシュ錠集合郵便受箱 PKS-M15-3 1列3段 備考・注意 ※配送には実働(土日祭除く)約3日〜5日ほどお時間がかかる場合があります。欠品時は1ヶ月ほどお日にちが必要となります。 ※イメージ画像はイメージサンプルとして販売内容以外の商品があります。必ず内容を確認ください。 ※イメージ画像は使用するモニターやブラウザにより色が違って見える場合があります。 ※施工には、専門的な知識と、道具、技能が必要となります。お近くの工事店(例：外構をした会社)にて設置を依頼して頂くようお願い致します。 分類 【郵便ポスト・郵便受け】【埋め込み式ポスト】【集合郵便受箱】【3戸用】【コーワソニア】,['Silver']
5,295152_25219386_1.jpg,706SH AQUOS R2 アクオスアールツー softbank ソフトバンク 手帳型 スマホ カバー カバー レザー ケース 手帳タイプ フリップ ダイアリー 二つ折り 革 002480 人物　ベビー　写真,商品特徴・シームレスな全面デザイン（内側は落ち着いたオフホワイト）・外側は高品質の人工革を使用・内側にはスマホを装着するケースが付属・機種専用のカメラホール仕様でケースを装着したままの撮影が可能・ワンセグや動画の視聴に便利な横置きスタンド機能・ICカードなどを2枚まで収納できるカードスロット付き・マグネットフリップで開け閉めカンタン注意事項商品画像はサンプルイメージですので、ご覧の環境によっては多少色味に違いを感じる場合がございます。イメージと違った、モニターと色味が異なるという理由での交換や返金はご対応出来かねます。カバーのみの販売で本体は付属しません。ケース装着のまま充電可能ですが、卓上ホルダでの充電は仕様上対象外となります。また、充電ケーブルの差し込み口の位置によっては外側カバーを開く必要があります。こちらは無地のレザーにデザインをプリントした商品で、デコなどの加工はございません。凹凸や光沢があるように見えたり布地や金属を素材にしたように見える商品もありますが、デザインの図版によるものです。撮影時にカバーが映り込む恐れがあるため、カメラ用の穴は若干大きめに開けています。カメラ穴の位置にわずかなズレが生じる場合がございます。また印刷時に微妙な画像のズレが生じる場合がございます。ご注文後に1点1点制作する受注生産品のため、不良品以外のご返品や交換は固くお断り致します。機種の選択間違いも保証対象外となりますため、ご注文の際は必ず機種をご確認下さい。発送について完全受注生産のハンドメイド商品となりますので、既製品と比べて発送までお時間を頂いています。 基本的に決済確認後、通常で3営業日程度、最大で10営業日程度での発送となります。繁忙期や休業日明けの場合はさらに時間がかかる場合があります。 その際には別途メールにてご連絡致します。メール便の場合、発送日から到着までに2−4日ほどかかる場合が多く、紛失などの保障もご対応できかねます。あらかじめご了承下さい。,['Multiple Colors']
6,308815_10026641_1.jpg,パール ネックレス 9mm 黒蝶 真珠 ペンダント K18WG ホワイトゴールド レディース NB00009R12PC0647W0,ギフト対応についてフロント部分に小粒のダイヤモンドを敷きつめたシンプルなデザインのペンダント。小粒のダイヤモンドをアクセントにしていますが、シンプルなデザインなので、真珠の輝きを大切にするデザインです。標準チェーンは、0.28mmのアズキチェーンです。真珠のサイズは9mm。このサイズはタヒチ産黒蝶真珠のやや小さめサイズです。色はピーコック。ピーコックとは、深みのあるグリーンブラック系色のことで、黒蝶真珠では希少価値が高く人気があります。この天然の特有の色は黒蝶真珠にしかない色です。キズは最高等級・★★★★★のほぼ無キズの希少品で、テリ等級は★★★★のテリの強い真珠です。キズ等級は、全生産量に対し、わずか0.1％の割合でグレーディングしています。形状はどのアイテムでも使用可能なラウンド。Moon Labelの厳しい品質基準に基づき、ラウンドは純粋な真円真珠のみを厳選しています。 Moon Label の黒蝶真珠は、タヒチ（フレンチポリネシア）産に限定してご提供しています。大月真珠は、パールネックレスのトップメーカーです。Moon Label は、大月真珠のインターネット・ブランドです。※真珠の色には個体差があります。真珠は、太陽光でご覧いただくのと、電灯の下でご覧いただくのでは見え方が変化します。電灯の色や光量などでも変わります。また、お客様のパソコンモニターのメーカーや設定などによっても、色の見え方には差が出ます。&nbsp;商品詳細品名9mm黒蝶真珠ペンダント（ピーコック）型番NB00009R12PC0647W0サイズ黒蝶真珠・9mm色ピーコック形ラウンドキズ等級★★★★★（5段階評価）テリ等級★★★★（5段階評価）素材・詳細K18WG（ホワイトゴールド）、ダイヤモンド・0.01ct真珠の産地タヒチ（フレンチポリネシア）付属品保証書,['Black']
7,242966_10019840_1.jpg,ゴールドスター ハブラシホルダー プリティーエレガント ハブラシ立て サニタリー 洗面 立てかけ キッチンカトラリー 国産 瀬戸焼 訳あり,確認事項 本商品は正規品・通常アウトレット品よりも程度に難のあるスーパーアウトレット品でございます。 商品には必ず鉄粉・ピンホール・ゆがみ等がみられます為「スーパーアウトレット」としてお値打ち価格にて販売しております。 限定数の為、お一人様につき枚数制限がございます。 返品・交換は一切お承りできませんので予めご了承下さいませ。 ■素材 磁器 ■サイズ 幅/11.5×6.5cm　高さ/6.5cm ■重さ 185g ■質感 つるつる ■生産地 日本 ■仕様 クリックして必ずご確認ください,"['White', 'Gold']"
8,215193_10002579_1.jpg,『ちょとオシャレ家具』コンソールテーブル コンソールデスク引き出し 引出し 収納 電話台 玄関 サイドテーブル レトロ アンティーク調 木製 おしゃれ 幅108cm 作業台テーブル 天然木パイン材 アンティーク調 デザイン Dolce ドルチェ BOS-009 東谷,"※この商品について下記を御確認下さい。 　【メーカー直送商品となります】 天然木　幅108cmコンソールテーブル 東洋の意匠を焚きしめた 雰囲気のある重厚感が魅力のシリーズ。 天然木パイン材、アッシュ材を使用したシリーズ。 天板下にはアンティークな取っ手の引出が3個。 あえて汚れや傷などをつけて アンティーク感を出したシリーズです。 ご了承の上、ご注文ください ※写真の色調はモニターの機種や設定により実際の商品と異なる場合があります。 DETAIL 外寸 W1080×D430×H790(mm) 詳細 ・天板：天然木パイン材 ・フレーム：天然木アッシュ材 ・ラッカー塗装 ・重量：12.0kg 梱包数　1 ※お届けはには約3〜5営業日前後掛かります。 商品購入後お届け日を御連絡致します。 ※この商品は送料無料です。 北海道・沖縄県・その他離島などへは 別途送料が掛かります。 ※メーカーより直送となります。 あらかじめご了承下さい。 関連キーワード コンソールテーブル,幅108cm,作業台,天然木パイン材,強化ガラス デザイン 北欧テイスト ナチュラルテイスト シンプル キッチン家具 収納家具 天然木 セール 東谷 くろがねっとSHOP 頒布会 MB-KP w3 送料無料","['Brown', 'Black']"
9,303368_10053761_1.jpg,カラーメタル ワードローブ用カバー CMCT-180 ホワイト・ブラック・ブラウン スチールラック 収納 洋服 衣類 おしゃれ アイリスオーヤマ,カラーメタルワードローブ専用のカバーです。通気性がよい不織布を使用し、ほこりから衣類を守ります。●商品サイズ（cm）幅約75×奥行約47×高さ約180●主要材質不織布（ポリプロピレン100％）●適合商品・サイズカラーメタルワードローブ（CMW-75183）サイズ：幅約75×奥行約45×高さ約182cm（検索用：スチールラック 収納 洋服 衣類 おしゃれ 4967576446648 4967576446655 4967576446662）,"['White', 'Brown', 'Black']"
10,380059_10008448_1.jpg,家電レンタル のぼり旗（青）,のぼり旗の仕様サイズ 当店ののぼり旗のサイズは、街中でもっともよく見かける幅600mm×高さ1800mmです（ワンサイズ）。生地 のぼり旗の生地として主流のテトロンポンジ（ポリエステル100％） を使用して、のぼり旗を製作します。旗の特徴である「風にはためく」ことを目的とした、軽く薄い生地です。 裏抜け抜群の透過性がある生地なので、裏から見てもデザインがしっかり透けて見えます。※モニターの発色の具合によって実際のものと色が異なる場合がございます。周辺加工■チチテープ仕立て「チチテープ」とは、のぼり旗とポールを結合するためのテープを指します。 太さ25mmのポールまでお取り付けいただけます。※一般的に販売されているポールには、ほぼ取り付け可能です。 ■ヒートカット加工「ヒートカット加工」とは、生地を熱で溶かしてカットする手法になります。 熱で溶かすことにより生地がほつれにくくなります。,"['White', 'Yellow', 'Orange', 'Pink', 'Red', 'Beige', 'Silver', 'Gold', 'Grey', 'Purple', 'Brown', 'Green', 'Blue', 'Black', 'Multiple Colors', 'Navy', 'Khaki', 'Burgundy']"
11,192586_10020541_1.jpg,ジュニア ボーダー ニーハイ ソックス 靴下 19-23cm Heart Beat Junior キッズ 子供 小学生 星 通学 コスプレ 衣装 ハロウィン 発表会 ハロウィン おうち生活 メール便25%,仕様 ニーハイ丈(履き口からかかとまで約50cm)、綿混素材 素材 ポリエステル、綿、その他 サイズ 19-23cm カラー パープル薄ピンク、ホワイト薄ピンク、ピンク薄ピンク、グリーンピンク、グリーンホワイト 説明 ポップな星がアクセントのニーハイソックスです！おしゃれガールのキュートなコーデにぴったり。デイリーユースとしてスカートの下にはもちろん、ワンピースに合わせてもOK！ガーリーな女の子の大好きが詰まってます！綿混素材も嬉しいポイント。 タグ キッズ 子 こ 供 ども 女 の 子 ガール ズ 用 日常 普段 使い デイリー ユーズ お遊戯 カジュアル 原宿 系 コスプレ スタイル コーデ 通 園 学 園 式 販 児 童 発表 会 お出かけ かわいい 可愛い 美脚 秋 冬 修学旅行 遠足 パンク ロック ロリータ ゴスロリ カラー,"['Pink', 'Black']"
12,340027_10001342_1.jpg,スボルメ　SVOLME　ジュニア　ロゴプラシャツ　サッカー　Tシャツ　練習着　ネイビー　18161500NVY,スボルメ、プラシャツ ベーシックなロゴデザインを採用した、プラクティスシャツとしても着用可能な半袖Tシャツ。 ■素材：ポリエステル ■カラー：ネイビー※レターパックプラスにて送付するため指定日配達の設定がありません。指定日配達を希望する場合は別途費用が掛かりますお問い合わせください。 ※2着まで同じ送料です。,['Navy']
13,216031_10030631_1.jpg,GRAN DEUR ブルーサファイア ケルト十字 シルバーネックレス シルバー925 銀 ネックレス サファイア クロス 天然石 誕生石 ケルト 青 十字 十字架 ブランド プレゼント 人気 おしゃれ,ケルト十字のようなクロスのペンダント。 中央には暗めのブルーをたたえたサファイアがセットされています。 シンプルながら一味違うクロスをお探しの方にオススメのアイテム。 サファイアに施されたカットも程よいきらめきで彩りを与えてくれます。 天然石を使用しているためお届けする石の模様は写真と若干異なります。何とぞご了承下さい。 商品データ ●ペンダントトップ ・素材 シルバー925、ブルーサファイア ・重量 約4.3g ・大きさ(バチカン含まず) 　縦 約3.4cm 横 約2.5cm 　厚み 約0.4cm ・バチカンの穴の大きさ 　縦幅 約0.4cm 横幅 約0.3cm ●チェーン ・素材 シルバー925 ・長さ 50cm ・幅 2.1mm(あずきチェーン) ・金具 ロブスター (シルバーアクセサリー/シルバーアクセ/シルバーペンダント/メンズアクセ/スターリングシルバー) (こちらの商品はペンダントトップのみもご用意しています) 豊富なデザインと輝くストーンで魅せるシルバー ドメスティックブランド『GRAN DEUR』 他にも様々なペンダントをご用意しています。 【ハードペンダント】 ※【買い物カゴに入れる】ボタンの下にある【★お気に入り商品】と書かれたボタンからお気に入り商品登録をご利用いただけます。是非ご活用下さい♪ 楽天BOX受取対象商品/銀の蔵/新宿銀の蔵/Ginnokura/楽天市場/アクセサリー/ジュエリー/Accessory/Jewelry/big sale/春/夏/秋/冬/あす楽/あすらく/メール便/DM便/装飾品/特別/人気/大人気/話題/ランキング/ヒット/トレンド/こだわり/誕生日/記念日/プレゼント/ギフト/贈り物/喜ぶ/彼氏/旦那/夫/息子/弟/兄/父/祖父/男性用/紳士/カジュアル/セレクト/ストリート/ヴィンテージ/サーファー/エスニック/モテる/b系/v系/エグザイル/ジェイソウルブラザーズ/JSB/ビター系/きれいめ/女子ウケ/存在感/流行り/2018/2019/2020/大人/20代/30代/40代/50代/60代/社会人/大学生/高校生/安価/修理/新婚/男友達/卒業祝い/入学祝い/就職祝い/入社祝い/かっこいい/バースデー/ホワイトデー/バレンタインデー/クリスマス/xmas/良品/高級/厳選/オシャレ/ファッション/ブランド/イチオシ/オススメ/安い/格安/激安/やすい/リーズナブル/セール/SALE/専門店/取扱店/店舗/お店/ショップ/工房/新宿/中野/東京都/関東/日本/JAPAN 216031-0010030631,"['Silver', 'Blue']"
14,265350_10028266_1.jpg,ゴミ箱 20L 3個 日本製 JAPAN フタ付き キッチン 分別 スリム 分別ごみ箱 35リットル リサイクル リサイクルボックス ダストボックス 屋外 洗える ごみ箱 キッチン収納 シンプル おしゃれ a-life エーライフ,ゴミ箱 20L 3個 サイズ(約) 1個あたり 幅20.6cm×奥行33.8cm×高さ38.9cm ※イメージ画像のキャリーは別売です 材　質 ポリプロピレン、ステンレス(SUS304) 容量 20リットル 色 ライトグレー(石目調) 入数 3個セット 原産国 日本製 made in JAPAN 商品説明 20リットルの ゴミ箱の3個セットです ※イメージ画像のキャリーは別売です ふた付き ゴミ箱 ふたには、開け閉めしやすい ワン プッシュタイプ ゴミ袋をセットしても袋の口が外に出ない、袋押さえフレーム付きで、すっきり！ シンプルで使いやすいデザイン 【配送について】 北海道・沖縄県・離島は、 別途配送料をご請求させていただきます。 ご了承ください。 送料無料 ゴミ箱 20L 3個セット 日本製 JAPAN フタ付き キッチン 分別 スリム 分別ごみ箱 20リットル リサイクル リサイクルボックス ダストボックス 屋外 洗える ごみ箱 キッチン収納 シンプル おしゃれ a-life エーライフ,['Grey']
15,263743_10896846_1.jpg,SPICE/OCEAN DECO カピスバーチャイム シーブルー/SWDH1940【01】【取寄】[2個],【サイズ】w320 d10 h660 本体の高さ : h450mm素材：カピス貝 ラタン■フィリピンビサヤ諸島のカピス州などでとれる半透明の二枚貝、カピスシェルを用いたバーチャイム。■濃淡の異なるブルーやグリーン、ホワイトの薄い貝殻が連なるチャイムは、波が寄せては返す海の姿を再現しているかのよう。■お部屋やベランダなどを、ナチュラルかつ涼し気に飾ってくれるチャイムです。穏やかな海辺のシーンを素敵に演出します○パッケージサイズ：w300 d30 h550mm○商品重量：約150g原産国：フィリピン【お取り寄せ商品について】※こちらはお取り寄せ商品となります。現在メーカーデータ上在庫のあるものを掲載させて頂いておりますがメーカー実在庫の欠品等によりご注文いただいた後に欠品が発生する場合がございます。その場合にはメールにてご案内をさせて頂きます。/【VAR：59212】20190404new店舗ディスプレイ インテリア ウォールデコ・壁掛け 手作り 材料/,['Blue']
16,269434_10001370_1.jpg,"TOYS McCOY（トイズマッコイ) MILITARY BORDER TEE U.S.NAVY ""JOLLY ROGERS"" ミリタリーボーダー半袖Tシャツ　ジェリーロジャース",,"['White', 'Orange', 'Red', 'Beige', 'Grey', 'Navy']"
17,263743_11076796_1.jpg,NatureDesigns/バッグリース17cm ブラウン/45420【01】【取寄】[4個],【サイズ】W17XD7XH17cm和洋問わず使えるダークな新色です。【NatureDesignsの商品について】日常の空間に自然になじむ、ナチュラルなテイストのブリキ・アイアン素材を多く扱っています。ひとつひとつに人の手が加わっているので、同じ商品であっても若干のサイズ感の違いや、飾り位置の違い、塗装の剥げやガタつきがある場合があります。気になる場合には必要に応じて少し手を加えてご利用いただければ幸いです。キチンとした既製品感を求める方にはあまりおすすめできませんが、価格帯以上の雰囲気が備わっており、よりナチュラルなテイストを好む方に愛されるメーカー商品です。【お取り寄せ商品について】※こちらはお取り寄せ商品となります。現在メーカーデータ上在庫のあるものを掲載させて頂いておりますがメーカー実在庫の欠品等によりご注文いただいた後に欠品が発生する場合がございます。その場合にはメールにてご案内をさせて頂きます。/【VAR：58900】20191031new花器、リース リース土台 つる 手作り 材料/,['Brown']
18,332937_10005321_1.jpg,クロコダイル ラウンド 長財布 シャイニング加工 センター取り 一枚革 真鍮 ヘンローン バイカラー/レディースクロコ財布 財布 本革 革財布 婦人 見開き ナイルクロコダイル ギフト 母の日 花以外 (3116-1r),,"['Orange', 'Grey']"
19,275803_10097286_1.jpg,カービングトライブス ハンドバッグ デニム 総柄【Aランク】【中古】tn190331,ビープライスではCarving Tribesのバッグを始め、国内外の人気ブランド・ハイブランドのアイテムを多数取り揃えております。 お取り扱い商品は全てリサイクル・リユースとなりますが、リサイクル通販のご利用経験がないお客様にも満足していただけるUSEDブランドショップを目指しています。 販売中のアイテムは全て状態チェック・鑑定済みとなりますので安心してお買い物をお楽しみください。 毎月末は最大80％OFFのセールを開催、欲しかったあの商品を購入するチャンスです、お見逃しなく♪,['Navy']
20,221718_11966742_1.jpg,カンダ ( KANKUMA ) 黄砂 汽鍋 小 10cm 453152,送料無料キャンペーンコード：【smtb-TK】ご注文後は、【発送のご案内】→【送り状No連絡】→【納品書と領収書メール】の各メールをお送りします。納品書・領収書は、PCのメールアドレスにのみ、PDFでお送りします。 名義変更などあれば、後からでも再発行させて頂きます。【kk9n0d18p】,['Yellow']
21,261642_10020089_1.jpg,ハイテクウッド 開きドア サニタリー山型アンダーカット仕樣 片開きドア H1KFSN○□H1K◆N○□ 固定枠 内装ドア 室内ドア HITECHWOODリフォーム DIY 建具 内装 建材 ドア 木目 リビング送料無料 洗面所 脱衣所,"※こちらの商品はメーカー直送品のため、　代引き発送が出来ません。また、日曜日・祭日の配達は　承れませんのでご了承下さい。 商品詳細 ・メーカー名 　HitechWood ハイテクウッド ・商品名 　開きドア サニタリータイプ 山型アンダーカット仕樣 ・品番 　扉：H1KFSN○□ 　枠：H1K◆N○□ 　ハンドル：HLK001CG ・寸法 　◆固定枠 　【F9】95mm 　【F1】114mm 　【F5】152mm 　【F7】172mm 　○枠外W 　【21】728mm（DW672mm） 　【31】768mm（DW712mm） 　高さ　H（DH） 2,043(1,985)/(共通） □カラー　 　【CW】クリームウォールナット（扉専用色） 　【NK】ナチュラルオーク 　【MW】ミディアムウォールナット 　【DK】ダークオーク 　【SW】スワン・ホワイト（枠専用色） ・商品説明 詳しくはハイテクウッドホームページのカタログを ご覧ください。 ※ご注文の際はオプションの追加金額は含まれません。 ご注文確定後、弊社から正しい金額に変更した内容を 改めてメールでお送りいたします。 ※納期について ご注文頂いてからメーカーへ発注いたします。 受注生産品は通常約2〜3週間ほどかかります。 お急ぎのお客様は、納期確認をお願いいたします。 ・送料、運賃　全国一律　送料無料 北海道・沖縄・離島については、別途お見積りに なりますのでお気軽にお問合せ下さい。 ・取付工事、工事手配 出品上記金額には工事代金は含まれておりません。 取付工事・工事手配はお客様の方でご依頼をお願い致します。 ※この他にご不明な点がございましたらお気軽にお問合せ下さい。 当社STAFFが親切・丁寧に対応致します。 ※商品の仕様等に関しましては、メーカーのカタログをご確認下さい。 【57700】 メーカー希望小売価格はメーカーカタログに基づいて掲載しています","['White', 'Beige', 'Brown', 'Black']"
22,234096_10007623_1.jpg,18-12女の子 水着 レギンス 26N39 9分丈 ビーチレギンス 05U黒 130cm 140cm 150cm 160cm 子供服 こども 女の子 キッズ ジュニア レギンス水着 9分丈 レギンス 水陸両用 水陸両用レギンス UV効果 無地 黒 ブラック クロ zai180802,※入金確認できない場合は 発送できません。 女の子 水着 レギンス 26N39 9分丈 ビーチレギンス 05U黒 130cm 140cm 150cm 160cm 子供服 こども 女の子 キッズ ジュニア レギンス水着 9分丈 レギンス 水陸両用 水陸両用レギンス UV効果 無地 黒 ブラック クロ 女の子 水着 レギンス メール便可能！ 子供服 こども 女の子 レギンス水着 9分丈 9分丈 レギンス 水陸両用 水陸両用レギンス UV効果 海水浴 スイムウエア ミズギ みずぎ 海 川 プール 水遊び ビーチ ※水着に合わせれば、トレンドスタイルに大変身！水にもそのまま入れる9分丈ビーチレギンス♪ ※伸縮性のある生地で着心地・肌触り◎！ ※紫外線から肌を守るUV効果付き！日差しの強い日にも、肌寒い日にも◎！xbbz6,['Black']
23,269553_12923189_1.jpg,Holts　ホルツ MMX01566 カーペイント MINIMIX オーダーカラー 日産 EAQ オリーブゴールドM 260ml,●プロスペックのペイントを極める HoltsのMINIMIXシリーズ●少ない塗装回数で下地隠蔽が可能です●塗装面の乾燥時間が早く、作業効率UPしました●自動車補修に最適な新技術の採用しています●表面乾燥制御。シンナーのみならず、一部の配合樹脂の乾燥を調整する事で最適化で実現しました●耐久性に優れた複数融合ポリマーを採用●塗装後のメタリック流動性を抑制し、塗装ムラの出にくい均質な塗膜を形成します●ご購入前に型式コーションプレートで、純正カラーナンバー及びカラー名称を必ずご確認下さい。●カラー番号が違う場合、異なる色が届いてしまいますのでご注意下さい。【ご使用上の注意】●使用前に中身を均一に混ぜ合わせるため、攪拌ボールの「カチカチ」という音が続けて出るまで良く振って下さい●ご希望の色が無い場合、お車の色と合わない可能性が高いため近い色でもご使用はお控え下さい。●塗り方、経時による変退色、個々の車、気象条件などにより色相が正確に合わない場合があります。※その際はあらかじめご了承頂きたくお願いいたします。●補修作業を行う前に必ず試し塗りをして、色の確認をお願いいたします。■品番： MMX01566■容量： 260ml ■カラー名： オリーブゴールドM■純正色ナンバー： EAQ■注意事項1： ご購入前に型式プレートにて、純正色ナンバーを必ずご確認下さい■注意事項2： 特注品の為、納品までに日数が掛かる場合がございます,"['Orange', 'Gold']"
24,296600_15899096_1.jpg,【中古】ジョンブル JOHNBULL セーター ニット 長袖 無地 Vネック 25135 ブルーグレー 青系 M メンズ 【ベクトル 古着】 200827 ベクトルプレミアム店,【中古】ジョンブル JOHNBULL セーター ニット 長袖 無地 Vネック 25135 ブルーグレー 青系 M メンズ 【ベクトル 古着】 200827 ベクトルプレミアム店ブランドジョンブル JOHNBULL表記サイズM実寸サイズ肩幅：49cm　身幅：53cm　着丈：66cm　袖丈：64cm　　素材綿50％ アクリル50％色ブルーグレー ※色に関しては出品者の主観で判断しており、カタログや正規のカラーとは言い回しが異なる場合があります。状態若干の使用感はありますが、目立つようなダメージはなく全体的に状態の良いお品だと思います。付属品なし備考※中古品になりますので完璧を求める方は購入をご遠慮ください。 ※保管時にお品物にシワが入る場合がございます。 ※こちらのお品物は店舗で保管しておらず、店頭販売は出来かねます。（※お取り寄せも出来かねます。）商品のお問い合わせの回答を休止しております。＊各商品ページの商品詳細等をご確認の上ご購入ください。,['Blue']
25,313715_10219990_1.jpg,シャネル CHANEL ツイードトリム カーディガン コットン 黒 マルチカラー 17C P55775【レディース】【中古】【special】【送料無料】,,"['Black', 'Multiple Colors']"
26,302943_10044063_1.jpg,中古 ニッサン 純正 タイヤホイールセット 4本セット 17インチ 6.5J ＋45 PCD 114.3 215/60R17 96H【 ミシュラン 製 タイヤ付き】T31 エクストレイル 前期,■商品詳細 【商品タイトル】 中古 ニッサン 純正 タイヤホイールセット 4本セット 17インチ 215/60R17 96H【 ミシュラン 製 タイヤ付き】【A26421】 【数量】 4本 【商品管理番号】 A26421 【セールスポイント】 程度良好品 倉庫内保管 ニッサン T31 エクストレイル 前期 純正ホイール 4本 純正センターキャップ付属 ミシュラン ラティチュードツアーHP 4本付属 【適合車種】 ［ニッサン］エクストレイル のほかに ［ニッサン］エルグランド プレサージュ 等にもいかがでしょうか。 ※マッチングに関しましては、仕様や年式などにより上記車種すべてに取付ができない場合もございますので、お客様にてご確認いただくか、ご不明な点は弊社までお気軽にお問い合わせください。 ■ホイール詳細 【ホイールメーカー】 ニッサン 純正 【フロント】 6.5J×17 ＋45 【リア】 6.5J×17 ＋45 【PCD】 114.3mm 【穴数】 5穴 【ハブ径】 66.0mm 【カラー】 シルバー 【備考】 T31 エクストレイル 前期 1本に画像9ほどの傷等がありますが歪み等はありません。ほか3本共に小傷や、裏面のサビやダスト等ありますが、深くえぐれたような傷等はありません。 ※センターキャップに腐食あります ※保管時の微細な傷等はご了承ください。 【商品ランク】 B/C 【商品ランクB】：目立たない程度の使用傷はあるが、良質な中古品 【商品ランクC】：使用感や傷があり、比較的きれいな中古品 ■タイヤ詳細 【タイヤメーカー】 ミシュラン 【製品名】 ラティチュードツアーHP 【フロント】 215/60R17 96H 【リア】 215/60R17 96H 【残溝】 6分山程度 残り溝センター付近4.5mm程度 【製造年】 1本：2012年06週製造 2本：2012年11週製造 1本：2013年15週製造 【備考】 偏摩耗、ひび割れ等ありますがご使用には問題ない程度かと思われます。残り溝も十分にあるので、まだまだお使い頂ける商品です。 【商品ランク】 C 【商品ランクC】：偏磨耗・劣化は感じられるが、使用に問題のない中古品,['Silver']
27,284888_11791627_1.jpg,FleaPhone CP-F03a DoCoMo ドコモ au SoftBank ソフトバンク SIMフリー コヴィア フリーフォン CPF03a 手帳型ケース,対応機種FleaPhone CP-F03a ( フリーフォン )対応型番CPF03aキャリアDoCoMo ドコモ au SoftBank ソフトバンク SIMフリーメーカーコヴィアデザイン名デニム リップ&nbsp;ヴィンテージ 口紅 商品の種類手帳型ケース ( 手帳型 手帳 ) ケース カバー&nbsp;全面保護 高品質 PU レザー 携帯ケース 携帯カバー スマホケース スマホカバー スマフォケース 全機種対応 マグネット ストラップ穴 薄い 薄型&nbsp;ブラウン プリント 印刷 手帳 / 高級 PU レザー / 合成皮革注意事項※お客様のご覧になられますパソコン機器及びスマートフォンなどの液晶・画面の違い、また室内、室外での撮影により実際の商品写真の色と相違する場合もありますのでご了承下さい。※商品のデザイン、仕様、外観、価格は予告なく変更する場合がありますのでご了承ください。メーカー希望小売価格はメーカーカタログに基づいて掲載しています対応機種：FleaPhone CP-F03a // デザイン： 誕生日 父の日 母の日 入学祝い 卒業祝い 就職祝い,['Blue']
28,245178_13699966_1.jpg,ラグナムーン LagunaMoon ワンピース ミニ レース バックジップ フレンチスリーブ F ベージュ レディース 【中古】【ベクトル 古着】 161212 ブランド古着ベクトルプレミアム店,ラグナムーン LagunaMoon ワンピース ミニ レース バックジップ フレンチスリーブ F ベージュ レディース 【中古】【ベクトル 古着】 161212 ブランド古着ベクトルプレミアム店ブランドラグナムーン LagunaMoon表記サイズF実寸サイズ身幅：40cm　着丈：78cm　ゆき丈：26cm　　素材表地　ポリエステル100％ 裏地　ポリエステル100％ レース部分　ナイロン87％ 　　　　　　　　ポリウレタン13％色ベージュ ※色に関してはこの商品の出品者も主観で判断しておりますので、カタログや正規のカラーとは言い回しが異なる場合があります。状態右腰部分に1cm程のほつれがありますが、その他目立った汚れやダメージもない状態です。 ※神経質な方のご入札はお控えください。写真または説明欄に記載のない箱・付属品等はございませんのでご了承ください。備考※一部商品は実店舗で保管しておりませんので、店頭にてご覧になれない場合がございます。 また、ご質問を頂いた際、お時間をいただく場合がございますのでご了承ください。商品のお問い合わせの回答を休止しております。＊各商品ページの商品詳細等をご確認の上ご購入ください。,['Beige']
29,273180_11319787_1.jpg,ゆうパケ送料無料 ZenFone6 ZS630KL ゼンフォンASUS zenfon6アクセサリー スマホケース カバー ハード ポリカーボネート【ヒョウ柄 ピンク（B）/zs630kl-M705】,simフリー ZenFone6 ZS630KL用ハードケース zenfone6 ゼンフォン ASUS simフリー ケース カバー PCケース スマホケース スマートフォンケース ハードケース 人気 おしゃれ かわいい デザイン 印刷 プリント □発送方法 配送についてはこちら 商品発送は営業日5日以内に行います。 □商品説明 機種名：simフリー ZenFone6 ZS630KL ケース色：クリア（透明） 素材：ポリカーボネート（PC) ※ケースのみの販売です。 □印刷 自社にて印刷を行い、発送いたします。 側面への印刷はありません。 仕様変更で柄の位置や色などが写真と変更になる場合があります。 種類・柄によっては側面部の印刷が薄くなる場合があります。 また、印刷のズレなども多少有る場合があります。 □素材（ケース） ベースのケースはクリアを使用しているので、印刷部以外はスマホ本体の色が反映されます。 ケースによっては成型時に出来る線が出る場合があります。 クリアの場合には表面にも成型時の線は出ます。 成型時に出来る線なので不良品ではありません。ご了承ください。 □注意事項 ケース（カバー）のみの販売となっており、液晶保護フィルム等は付属していません。 お客様による機種・柄等の間違えによる返品交換は出来ません。 お使いのモニターや機材によって色の反映が異なります。 また、商品撮影時の環境により実際の色と異なる場合があります。 商品の管理には十分注意しておりますが、細かなキズや指紋の付着等が有る場合があります。 本商品使用中の落下などによるスマートフォン本体・ケースの破損は自己責任でお願いします。 当社では一切責任賠償いたしません。 ※写真はイメージのため、ケースの形状が異なる場合があります。,['Pink']
30,322863_10030583_1.jpg,iPhone6/6s スマホケース 手帳型 レザー 合皮 メタル マグネット開閉 カード収納 ICカード スタンド機能 PUレザー 手帳型ケース 手帳タイプ スタイリッシュ オシャレ メタル,対応機種 iPhone 6/6s 商品説明 ワンポイントのマグネットメタルが素敵な手帳型ケースです。 ◆配送について◆ この商品は、ネコポス（ポスト投函）でのお届けになります。 数量が多い場合は宅配便でお届けします。 代金引換のご利用の場合は宅配便（代引き）で別途手数料880円がかかります。 ◆商品画像について◆ 商品の色合いやイメージは商品撮影時の環境や、お客様ご使用のディスプレイ環境により実物と多少の相違が生じることがございます。 その場合での返品はできませんのでご了承をお願いいたします。,"['Pink', 'Gold', 'Black']"
31,269553_11134384_1.jpg,トラスコ中山 TRUSCO ペンホルダー付クリップボード A4縦 黒 TCB−A4E−BK,■耐久性に優れた樹脂製クリップボードです。■ペンホルダー付なのでボールペン等が挟めます。【仕様】タイプ:A4タテ型、色:黒生産現場の伝票管理やアンケート、回覧などに使用できます。【原産国】中国,['Black']
32,313317_10697156_1.jpg,袋帯 美品 秀品 リバーシブル 華文 蜀江文様 金糸 箔 金色 六通 正絹 【中古】,,['Gold']
33,311872_10002698_1.jpg,【海外限定】【送料無料】エボシールド バッティンググローブ用 ハンドシールド 手の甲装着 プロテクター ゲルシェル 野球 手袋用 EvoShield Adult Evo Hand Shield Protector Pad Batting Gloves,現地での在庫が無くなり次第、当店での販売も終了となりますのでこの機会をお見逃しなく！！ ◆素材／ゲルシェル ◆特徴／開封すると経時と共に硬化します。 ◆カラー／ブラック ◆サイズ／フリーサイズ ※XGTバッティンググローブのカラーを見る ※エボチャージバッティンググローブのカラーを見る ※エボシールド製品を見る ※バッティンググローブを見る ※Grand Groundをお気に入りの店舗に追加→こちら ※サイズcmは一般的なUSサイズの対応表より算出しております。 例：USインチ1＝2.5cm 必ずしも一致しない場合がございますので、サイズ選択は慎重に行って下さい。 ※表示価格には関税も含まれておりますので追加料金は頂きません。 ※輸入商品であるため、外箱にダメージがあることがございます。予めご了承頂きますよう、宜しくお願い申し上げます。 ※表記の納期は通常の目安であり、天候や交通状況などの要因により、多少の前後がございますことをご了承ください。 ※また、お取り寄せ商品は、米国各地のベースボールタウンの他、様々な地域よりお取り寄せ致しております。故に予定より遅れることがございますこと、予めご了承ほど宜しくお願い致します。 ※お取り寄せ商品のため、現地に在庫がない場合がございます。予めご了承ください。 ※掲載されていない他の商品もお取り寄せできることがございますので、お気軽にお問い合わせ下さい。 ※クレジットカード決済のお客様への請求は、国内発送が完了した時点で処理されます。,['Black']
34,251382_10313599_1.jpg,振袖 振袖用 半衿 刺繍 ふりそで はんえり 彩小径 成人式 入学式 卒業式 日本製 CHARA 梅 水玉 赤色 sin8295-bob12 【新品】【着物ひととき】,"商品情報 振袖 振袖用 半衿 刺繍 ふりそで はんえり 彩小径 成人式 入学式 卒業式 日本製 CHARA 梅 水玉 赤色 sin8295-bob12 【新品】 ★説明 お着物を着るときに必要になる「半衿」。 長襦袢の襟に縫い付けて使うものですが、お着物の雰囲気や顔映りを左右する重要なコーディネートアイテムです。 こちらの半衿は白色・赤色の水玉柄に梅の刺繍が施され華やかで使い勝手がいいどんなお着物にも似合う半衿となっております。 また、首の周りを明るくすることにより肌のきめが細かく見えて顔に艶が出ます。 ★納期 こちらの商品はお取り寄せ商品となっております。お急ぎの方はお問い合わせくださいませ。 ※通常1週間程度 ★発送方法 メール便発送ご希望の場合は3点までとさせていただきます。4点以上の場合は宅配便での発送となります事予めご了承くださいませ。 ★状態　新品 ★素材 生地：ポリエステル100% 刺繍糸：レーヨン100% ★サイズ 長さ約118cm 幅16cm Although it is overseas shipping, goods over 3000 yen will be free shipping if SAL flights (up to 2 kg) Some countries can not deliver by SAL flight Caution (In the case of shipment of SAK flights, please also take a therapy as there are times when we ship out from the box with sizes etc.) At that time it will be EMS but EMS flights will cost extra SAL flight is to it takes 2 to 5 weeks to deliver to you, but sometimes it can take 6 weeks. ************************************************** ********************** Kimonomtfuji has tracking function & security even in SAL flights ************************************************** * *********************** If you prefer faster and safer delivery, we recommend EMS. *** Additional charge will be charged for EMS *** EMS is the fastest airmail with insurance. Items are delivered approximate 3-6 days after shipping. We strongly recommend the EMS shipping method, as it includes order tracking. ************************************************** * *********************** ※モニターの違いにより実際の色目と異なる場合がございます",['Red']
35,211639_10008612_1.jpg,本棚 薄型 扉付き 天井 つっぱり 奥行 16.5 幅 81 高さ238 〜 253 業界初 棚が全段動く オープンラック 12段 1cmピッチ 棚 調節 雑誌 収納 縦長 大容量 大量 薄い 薄型 漫画 マンガ 木製 隙間 スキマ 棚 書棚 オープン棚,■商品説明 突っ張り上置きセットなので天井まで空間の無駄を省いて大量収納。1cm間隔で棚板が設置でき、固定棚の無い画期的な仕様により、従来よりも自在な棚割りを可能にしました。ラックの中にデッドスペースを作らず、より多くの物が収納できます。薄型だからリビングだけでなく廊下や、狭いスぺースでも収納を確保できます。扉付だから、見せたくないものの収納にも。ミドルなサイズの薄型幅81はリビングに最適■本体サイズ[外寸]幅81.0×奥行18.5×高さ238.5〜253.5cm■その他サイズ[内寸] 【本体】 （オープン部）幅34.0×奥行14.5×高さ167.0cm （可動棚）幅37.5×奥行15.0×厚み1.7cm（1cmピッチ上下各61穴） （幅木避け）奥行2.4×高さ8.0cm 【上置き】 （オープン部）幅34.0×奥行13.5×高さ51.5cm （可動棚）幅37.5×奥行15×厚み1.7cm（1cmピッチ31穴）■材質[本体]プリント化粧繊維板■収納量・耐荷重【耐荷重】 [可動棚]約5kg以下 【収納量】 [文庫]約528冊 [コミック]約396冊 [CD]約816枚 [DVD]約396枚 [Blu-ray]約468枚■備考【本体】 ・可動棚：16枚 【上置き】 ・可動棚：4枚■生産国ベトナム■組立時間(目安)(大人2人)お客様組立（105分）■キーワード本棚 突っ張り コミック スリム ボックス ラック リビング 奥行 15 17 20 雑誌 収納 縦長 大容量 大量 薄い 薄型 漫画 マンガ 木製 隙間 スキマ 棚 書棚 オープン棚 壁面 壁面収納 本棚 家具 文庫本ラック cd dvd 漫画 マンガ 文庫本 収納 薄型ラック 薄型 薄い 本棚 棚 幅80 高さ200 オフィス SOHO 収納力 仕切り ワイド リビング ウォールラック 新生活 一人暮らし ウォールナット ブラウン 1cm単位 耐震 地震 対策メーカー希望小売価格はメーカーカタログに基づいて掲載しています,"['White', 'Brown', 'Black']"
36,286282_10362435_1.jpg,☆ヘインズ ジャパンフィット 無地 Tシャツ 白 黒 アソート 半袖 H5120 クルーネック 丸首 2枚組 白T 黒T パックT Hanes 翌日配送,商品詳細 日本人のために生み出した1枚でも着ることのできる2枚組のベーシックTシャツ。 ソフトで心地よい風合いの100%コットン天竺を使用。 衿ネームは気になる背中の違和感を解消した熱転写のタグレス仕様。 その他の情報 品番：H5120 素材：リングスパンコットン/コットン100% 特徴：ガーメントウォッシュ加工/丸胴仕様/タグレス仕様 カラー 998 アソート(ホワイト/ブラック) 注意事項 ご購入前に返品・交換についての注意点をご覧下さい。お客様のモニター等によっては多少実際のカラーとは異なる場合がございます。,"['White', 'Black']"
37,295152_27187654_1.jpg,F-03K らくらくスマートフォン me docomo ドコモ f03k 手帳型 スマホ カバー カバー レザー ケース 手帳タイプ フリップ ダイアリー 二つ折り 革 013887 ヤシの木　サーフィン　海,商品特徴・シームレスな全面デザイン（内側は落ち着いたオフホワイト）・外側は高品質の人工革を使用・内側にはスマホを装着するケースが付属・機種専用のカメラホール仕様でケースを装着したままの撮影が可能・ワンセグや動画の視聴に便利な横置きスタンド機能・ICカードなどを2枚まで収納できるカードスロット付き・マグネットフリップで開け閉めカンタン注意事項商品画像はサンプルイメージですので、ご覧の環境によっては多少色味に違いを感じる場合がございます。イメージと違った、モニターと色味が異なるという理由での交換や返金はご対応出来かねます。カバーのみの販売で本体は付属しません。ケース装着のままケーブルを挿しての充電は可能ですが、卓上ホルダでの充電は仕様上対応しておりません。また、ワイヤレス充電対応機種についてはお使いの機器や環境により反応しない場合があります。お手数ですがケースから外してお使い下さい。卓上ホルダ及びワイヤレスでの充電は保障の対象外となります。こちらは無地のレザーにデザインをプリントした商品で、デコなどの加工はございません。凹凸や光沢があるように見えたり布地や金属を素材にしたように見える商品もありますが、デザインの図版によるものです。撮影時にカバーが映り込む恐れがあるため、カメラ用の穴は若干大きめに開けています。カメラ穴の位置にわずかなズレが生じる場合がございます。また印刷時に微妙な画像のズレが生じる場合がございます。ご注文後に1点1点制作する受注生産品のため、不良品以外のご返品や交換は固くお断り致します。機種の選択間違いも保証対象外となりますため、ご注文の際は必ず機種をご確認下さい。発送について完全受注生産のハンドメイド商品となりますので、既製品と比べて発送までお時間を頂いています。 基本的に決済確認後、通常で3営業日程度、最大で10営業日程度での発送となります。繁忙期や休業日明けの場合はさらに時間がかかる場合があります。 その際には別途メールにてご連絡致します。メール便の場合、発送日から到着までに2−4日ほどかかる場合が多く、紛失などの保障もご対応できかねます。あらかじめご了承下さい。,['Black']
38,276720_10041408_1.jpg,会議テーブル 会議用テーブル ミーティングテーブル ミーティングセット【中古オフィス家具】【中古】,4名様用 会議セット 新品テーブル×1台 中古スタッキングチェア×4脚 ※テーブルのみ新品商品です 商品詳細： テーブル/RFヤマカワ 会議テーブル 角型テーブル ※お客様組み立て商品です チェア/オカムラ 会議チェア 8107ZZ（背面樹脂製 座面布張り キャスター付き スタック可） サイズ： テーブル/幅1500mm×奥行き750mm×高さ700mm チェア/幅470mm×奥行き495mm×高さ795mm カラー： テーブルは3色よりお選び下さい/ホワイト ナチュラル ブラウン チェア/グレー×ブラック 商品コード：RFTB-046 お電話でのお問い合わせの際は、上記の商品コードをお伝えください ※中古商品のため多少の傷・汚れ等はご了承ください 背部の家具・小物類は商品に含まれません ご使用になられているモニターや端末により商品画像と実際の商品とに色味の違いが起こる場合がございます 商品の状態について、詳しい写真をご用意いたします ご希望の方はお気軽にお問い合わせください Eメール. rakuten-op@c-partners.co.jp TEL. 0120-356-100(通話料無料) 当商品は埼玉県戸田店舗でもご覧いただけます 【配送について】 ※テーブルはメーカーより直送、チェアは弊社戸田店舗より発送いたします 商品の納品時間が異なりますが、予めご了承ください チェアは送料別途商品です配送料につきましては下記の送料表をご確認ください 配達会社につきましては当店で契約している業者を利用させていただきます お客様による配達会社のご指定はお受けしておりませんのでご了承ください ☆関連ワード 会議セット 会議用セット ミーティングセット ミーティング用セット 応接セット 応接用セット テーブルイスセット テーブル椅子セット テーブルチェアセット テーブルチェアーセット お得なセット テーブル 会議テーブル 会議用テーブル ミーティングテーブル ミーティング用テーブル 会議椅子 会議イス 会議チェア 会議チェアー 会議用椅子 会議用イス 会議用チェア 会議用チェアー ミーティング椅子 ミーティングイス ミーティングチェア ミーティングチェアー ミーティング用椅子 ミーティング用イス ミーティング用チェア ミーティング用チェアー 椅子 いす イス チェア チェアー,"['Grey', 'Brown', 'Black']"
39,295152_27552536_1.jpg,SHV44 AQUOS R3 アクオス アールスリー au エーユーshv44 両面プリント 裏表 内側 内面 スマホ カバー レザー ケース 手帳タイプ フリップ ダイアリー 二つ折り 革 フルデザイン 004088 模様　緑,商品特徴・シームレスな両面フルデザイン、開いた時も内側のデザインが楽しめます・素材には高品質の人工革を貼った、しっかり厚みのあるタイプ・内側にはスマホを装着するケースが付属・機種専用のカメラホール仕様でケースを装着したままの撮影が可能・ワンセグや動画の視聴に便利な横置きスタンド機能・ICカードなどを2枚まで収納できるカードスロット＆ポケット付き・マグネットフリップで開け閉めカンタン注意事項商品画像はサンプルイメージですので、ご覧の環境によっては多少色味に違いを感じる場合がございます。イメージと違った、モニターと色味が異なるという理由での交換や返金はご対応出来かねます。カバーのみの販売で本体は付属しません。ケース装着のまま充電可能ですが、卓上ホルダでの充電は仕様上対象外となります。また、充電ケーブルの差し込み口の位置によっては外側カバーを開く必要があります。こちらは無地のレザーにデザインをプリントした商品で、デコなどの加工はございません。凹凸や光沢があるように見えたり布地や金属を素材にしたように見える商品もありますが、デザインの図版によるものです。撮影時にカバーが映り込む恐れがあるため、カメラ用の穴は若干大きめに開けています。カメラ穴の位置にわずかなズレが生じる場合がございます。また印刷時に微妙な画像のズレが生じる場合がございます。製作後、すぐに梱包・発送していますため、インク独特の匂いが残る場合があります。こちらは自然と薄まりますが、気になる方は風通しの良い場所で数日保管してください。ご注文後に1点1点制作する受注生産品のため、不良品以外のご返品や交換は固くお断り致します。機種の選択間違いも保証対象外となりますため、ご注文の際は必ず機種をご確認下さい。発送について完全受注生産のハンドメイド商品となりますので、既製品と比べて発送までお時間を頂いています。 基本的に決済確認後、通常で3営業日程度、最大で10営業日程度での発送となります。繁忙期や休業日明けの場合はさらに時間がかかる場合があります。 その際には別途メールにてご連絡致します。メール便の場合、発送日から到着までに2−4日ほどかかる場合が多く、紛失などの保障もご対応できかねます。あらかじめご了承下さい。,['Brown']
40,230505_10005414_1.jpg,キッズ ジュニア サンダル スポーツサンダル マジックテープ レッド 赤 FK-281 RD,・商品コード：443148 ・品番：FK-281 ・カラー：RD/レッド ・生産国：中国 ・素材：甲材/合成皮革・ポリエステル　底材/合成底 DRAGON TURBO キッズ☆ジュニア ベルクロサンダル 子供用ぺたんこサンダル☆フラットサンダル 全開マジックテープで脱ぎ履き簡単♪ 夏のお出かけにピッタリ♪ ★足長約24.0cm履いてみました★ 素足で23.0cmがちょうど良かったです。 幅広のお子様は24.0cmオススメします。 DRAGON TURBO キッズ☆ジュニア ベルクロサンダル 子供用ぺたんこサンダル☆フラットサンダル 全開マジックテープで脱ぎ履き簡単♪ 夏のお出かけにピッタリ♪ ・商品コード：443148 ・品番：FK-281 ・カラー：RD/レッド ・生産国：中国 ・素材：甲材/合成皮革・ポリエステル　底材/合成底 ・重さ/片足：134g/19.0cmで計測 ★足長約24.0cm履いてみました★ 素足で23.0cmがちょうど良かったです。 幅広のお子様は24.0cmオススメします。,['Red']
41,208290_11416274_1.jpg,pink adobe(ピンクアドベ)エスニックハンドル トートバッグ,,"['White', 'Beige', 'Blue', 'Black']"
42,306806_10048669_1.jpg,壁紙 白 【 サブウェイタイル柄の貼ってはがせる壁紙シール 】 【 お得な壁紙15mセット 】 のり付き 壁用 リメイクシート 北欧 おしゃれ かわいい アクセントクロス サブウェイタイル DIY リフォーム 輸入壁紙 シンプル ホワイトレンガ,【商品名】幅50cm×15m単位 のり付き 壁用 リメイクシート 北欧 おしゃれ かわいい アクセントクロス サブウェイタイル DIY リフォーム 輸入壁紙 【商品説明】壁紙の上から貼るだけの簡単壁紙シール。お部屋のアクセントクロスとして人気の壁紙シールです。壁についたキズを隠すための補修としても皆様にご利用いただいております。はがせる壁紙シールで、しかも15m単位のカット販売なので、初心者の方でもお気軽にお試し頂ける壁紙シールです。 壁紙シールは、キッチン・洗面所・トイレなどの模様替えに最適のDIY壁紙デコレーションステッカーです。もちろんお気に入りの家具やインテリア・雑貨の装飾にもおすすめです。サイズに合わせて簡単に、はさみやカッターで切ることが出来ます。初心者向けのシールタイプは壁に貼り付けるだけで、のりやボンド等の接着剤や目地材などは一切必要ありません。 ■サイズ：幅約50cm(※長さは15m単位でご注文できます) ■タイプ：のり付きシールタイプ壁紙クロス 【使用場所】キッチン、トイレ、風呂、子供部屋、リビング、ダイニング、玄関、和室、窓、鏡、店舗、カフェ、オフィス、幼稚園、保育園、託児所、病院、賃貸など(※おすすめしない場所：すりガラス等凹凸のある面、和紙・障子などのデリケートな素材、ペンキなど塗料を施した面など) 【発送とご注文について】数量に限りがございますので、今スグのご注文がオススメです。 【商品のコンディション】新品の壁紙(はがせる壁紙のり付きシールタイプ)で、コンディションは良好です。※写真はできるだけ実物に近い色を表現できるよう努めておりますが、ご利用のPCやスマホなど表示機器の都合上、若干の差異が生じますことをあらかじめご了承ください。,['White']
43,284861_10148370_1.jpg,asdf200422012113 Brand Name,,['Blue']
44,357668_10003503_1.jpg,チェック柄バックリボンワンピース チェック柄 バックリボン レディース ワンピース レディースファッション セレブ セレカジ 海外 インポート Top Secret,,['Green']
45,298241_10029600_1.jpg,SPECIAL EVENT ハロウィン カボチャ 飾り 室内用 LEDライト ジャコランタン ジャックオランタン ジャックオーランタン ハロウィーン デコレーション かぼちゃ 飾り付け 電池 USB イルミネーション 電飾 室内 玄関,◆ Spec商品詳細 ●ハロウィンの定番演出アイテム！ジャックオランタンの室内用LEDイルミネーション。 電池式、USB式の用途やシーンによって選べる2タイプ。 電池式は2m、USB式は3mのケーブルに20個のLEDモチーフ付き。 ※生産・入荷時期により若干、色味や仕様が変更となる場合がございます。 ※海外生産となるため若干の汚れやキズ等はご容赦ください。 ▼ホラーデコレーションにピッタリな商品もございますので併せてご覧ください ■電池タイプ仕様：【ケーブル長】2m 【ボタン】オンオフスイッチ 【電源】単三電池×3 ※別売り ■USBタイプ仕様：【ケーブル長】3m 【ボタン】なし 【電源】USB ■仕様共通：【LED】20個(常時点灯) 【モチーフ】タテ3cm×ヨコ5cm ■生産：中国製 ■注意事項：防水仕様ではございませんので、室内用としてご使用ください。 ■素材：プラスチック ■カラー：オレンジ,['Orange']
46,295152_18623822_1.jpg,Nexus 5X LG Google グーグル nexus5x docomo ドコモ 手帳型 スマホ カバー カバー レザー ケース 手帳タイプ フリップ ダイアリー 二つ折り 革 その他 シンプル　水玉　ドット　紫 009070,商品特徴 ・シームレスな全面デザイン（内側は落ち着いたオフホワイト） ・外側は高品質の人工革を使用 ・内側にはスマホを装着するケースが付属 ・機種専用のカメラホール仕様でケースを装着したままの撮影が可能 ・ワンセグや動画の視聴に便利な横置きスタンド機能 ・ICカードなどを2枚まで収納できるカードスロット付き ・マグネットフリップで開け閉めカンタン 注意事項 商品画像はサンプルイメージですので、ご覧の環境によっては多少色味に違いを感じる場合がございます。 イメージと違った、モニターと色味が異なるという理由での交換や返金はご対応出来かねます。 カバーのみの販売で本体は付属しません。 ケース装着のまま充電可能ですが、卓上ホルダでの充電は仕様上対象外となります。また、充電ケーブルの差し込み口の位置によっては外側カバーを開く必要があります。 こちらは無地のレザーにデザインをプリントした商品で、デコなどの加工はございません。 凹凸や光沢があるように見えたり布地や金属を素材にしたように見える商品もありますが、デザインの図版によるものです。 撮影時にカバーが映り込む恐れがあるため、カメラ用の穴は若干大きめに開けています。 カメラ穴の位置にわずかなズレが生じる場合がございます。 また印刷時に微妙な画像のズレが生じる場合がございます。 ご注文後に1点1点制作する受注生産品のため、不良品以外のご返品や交換は固くお断り致します。 機種の選択間違いも保証対象外となりますため、ご注文の際は必ず機種をご確認下さい。 発送について 完全受注生産のハンドメイド商品となりますので、既製品と比べて発送までお時間を頂いています。 基本的に決済確認後、通常で3営業日程度、最大で10営業日程度での発送となります。繁忙期や休業日明けの場合はさらに時間がかかる場合があります。 その際には別途メールにてご連絡致します。 メール便の場合、発送日から到着までに2−4日ほどかかる場合が多く、紛失などの保障もご対応できかねます。あらかじめご了承下さい。,['Pink']
47,264600_10014758_1.jpg,【中古】チェック柄 ウエスタンシャツ メンズXL 古着 カウボーイシャツ 【異国屋】,●ブランド●MODA TECH ●製造国●INDIA ●表記サイズ●XL ●計測● 肩幅　約53.0cm 袖　　約62.0cm 着丈　約76.0cm 身幅　約64.5cm ●素材●100% COTTON 表面に毛羽立ち・色褪せあります。 アメリカから入荷しましたチェック柄のウエスタンシャツ。 スナップボタン。,"['Green', 'Black']"
48,284888_11264978_1.jpg,Xperia acro IS11S 手帳型ケース 川 ブック 表紙 エクスペリア アクロ ケース カバー ケイオー ブランド 手帳型 全機種対応 全面保護 カード収納 高品質 PU レザー スマホケース スマホカバー マグネット 薄型 カード入れ 携帯ケース 携帯カバー,対応機種Xperia acro IS11S ( エクスペリア アクロ ) ソニー対応型番XperiaacroキャリアDoCoMo ドコモ au SoftBank ソフトバンク SIMフリーメーカーPretimo ( プリティモ )デザイン名川 ブック 表紙&nbsp;本 洋書 商品の種類手帳型ケース ( 手帳型 手帳 ) ケース カバー&nbsp;手帳型 全機種対応 全面保護 カード収納 高品質 PU レザー スマホケース スマホカバー マグネット 薄型 カード入れ 携帯ケース 携帯カバー&nbsp;ブラウン プリント 印刷 手帳 / 高級 PU レザー / 合成皮革注意事項※お客様のご覧になられますパソコン機器及びスマートフォンなどの液晶・画面の違い、また室内、室外での撮影により実際の商品写真の色と相違する場合もありますのでご了承下さい。※商品のデザイン、仕様、外観、価格は予告なく変更する場合がありますのでご了承ください。メーカー希望小売価格はメーカーカタログに基づいて掲載しています対応機種： Xperia acro IS11S // 大人 ビジネス シンプル 耐衝撃 薄い 薄型 カード入れ カード収納 カードホルダー 人気 おしゃれ オススメ カワイイ Sharp シャープ J:COM ジェイコム IIJmio mineo スマートモバイル スマートラボ DMMモバイル ニフモ NifMo mineo マイネオ BIGLOBEモバイル BIGLOBE SIM UQmobile UQモバイル 楽天モバイル イオンモバイル OCNモバイルONE DMM mobile LINEモバイル おしゃれ お洒落 ファッション きれい 綺麗 華やか 美しい スタイル 素敵 かわいい 可愛い 女性 顔いとおしさ かわいそう 少女 萌え 女子 乙女 人気 にんき ランキング 番付 トレンド 売れ筋 ロゴ ロゴタイプ ロゴマーク シンプル 簡素 単純 シンプルライフ ワンポイント 緑 グリーン ミント 誕生日 父の日 母の日 敬老の日 入学祝い 卒業祝い 就職祝い バレンタインデー ホワイトデー クリスマス,['Green']
49,262942_10047263_1.jpg,ほ乳瓶ポーチ　哺乳瓶ケース　ウェットスーツ生地　持ち手付き （ 哺乳びんポーチ 保温ケース ミルクボトルケース 保冷 保温 哺乳ビン 哺乳瓶ポーチ 哺乳びんホルダー ほ乳瓶ケース ベビー用品 おでかけグッズ ） 【39ショップ】,サイズ約 幅8×奥行5.6×高さ24（cm）内容量1個材質表地：クロロプレンゴム裏地：ポリエステル止め具：ポリオキシメチレン持ち手：ポリプロピレンパイピング：ポリウレタンカラーストライプ、チェック、ドット生産国中国製備考ミルクを調乳した状態で入れないで下さい。ミルクが変質します。洗濯はお避け下さい。商品区分離乳食グッズカテゴリから探す,['Brown']
